{
  "xgboost": {
    "accuracy": 0.6708074534161491,
    "f1_score": 0.7357926221335992,
    "auc_roc": 0.7780782964297458,
    "threshold": 0.24000000000000002
  },
  "random_forest": {
    "accuracy": 0.7006211180124223,
    "f1_score": 0.7366120218579235,
    "auc_roc": 0.7846855900791794,
    "threshold": 0.4
  },
  "logistic_regression": {
    "accuracy": 0.6832298136645962,
    "f1_score": 0.7477744807121661,
    "auc_roc": 0.8012069117231606,
    "threshold": 0.28
  },
  "winner": "logistic_regression"
}