{
  "xgboost": {
    "accuracy": 0.6559006211180124,
    "f1_score": 0.7328833172613307,
    "auc_roc": 0.7780103709810133,
    "threshold": 0.2
  },
  "random_forest": {
    "accuracy": 0.6826086956521739,
    "f1_score": 0.7359173126614987,
    "auc_roc": 0.7852907440769781,
    "threshold": 0.3600000000000001
  },
  "logistic_regression": {
    "accuracy": 0.6832298136645962,
    "f1_score": 0.7477744807121661,
    "auc_roc": 0.8012069117231606,
    "threshold": 0.28
  },
  "winner": "logistic_regression"
}