{
  "xgboost": {
    "accuracy": 0.725557461406518,
    "f1_score": 0.762962962962963,
    "auc_roc": 0.7935624659028915,
    "threshold": 0.3600000000000001
  },
  "random_forest": {
    "accuracy": 0.6998284734133791,
    "f1_score": 0.7552447552447552,
    "auc_roc": 0.7948776927500333,
    "threshold": 0.3600000000000001
  },
  "logistic_regression": {
    "accuracy": 0.7032590051457976,
    "f1_score": 0.7613793103448275,
    "auc_roc": 0.807224900841922,
    "threshold": 0.30000000000000004
  },
  "winner": "xgboost"
}